{
    "success": true,
    "text": "Alarms Listing",
    "total": 1,
    "items": [{
        "unit_id": "2",
        "type": "unit",
        "id": "2",
        "text": "Backup Refrigerator",
        "info": "",
        "alarm_state": "1",
        "alarm_confirmed": "1",
        "confirmed_by": "testing",
        "items": [{
            "device_id": "3",
            "type": "device",
            "id": "2-3-1",
            "device_number": "1",
            "text": "Lower Level Ambient",
            "value": "23"
        }, {
            "device_id": "3",
            "type": "device",
            "id": "2-3-2",
            "device_number": "2",
            "text": "Backup Refrigerator",
            "value": "-12"
        }, {
            "device_id": "13",
            "type": "device",
            "id": "2-13-1",
            "device_number": "1",
            "text": "Door Status",
            "value": "0"
        }, {
            "device_id": "13",
            "type": "device",
            "id": "2-13-2",
            "device_number": "2",
            "text": "Tilt Status",
            "value": "0"
        }]
    }]
}