{
    "text": "Minus80 Facility Data",
	"total": "1",
    "items": [{
	    "id": "1",
    	"text": "Facility 1",
    	"type": "facility",
    	"info": "Info re Facil 1",
	    "items": [{
			"id": "1",
			"text": "freezer 1",
			"type": "unit",
			"leaf": true,
			"info": "info about freezer 1",
			"items": [{
				"id": "1",
				"type": "device",
				"text": "Probe Temp",
				"value": "35 %"
			},{
				"id": "2",
				"type": "device",
				"text": "Ambient Temp",
				"value": "21 C"
			},{
				"id": "3",
				"type": "device",
				"text": "Door Status",
				"value": "Closed"
			},{
				"id": "4",
				"type": "device",
				"text": "Tilt Status",
				"value": "Stable"
			}]
		}]
    }]
}