{
    "text": "Minus80 Facility Data",
    "items": [{
	    "id": "1",
    	"text": "Facility 1",
    	"type": "facility",
    	"info": "Info re Facil 1",
	    "items": [
	    {
			"id": "10",
			"text": "freezer 1",
			"type": "unit",
			"leaf": true,
			"info": "info about freezer 1",
			"items": [{
				"id": "100",
				"type": "device",
				"text": "Probe Temp",
				"value": "35 %"
			},{
				"id": "200",
				"type": "device",
				"text": "Ambient Temp",
				"value": "21 C"
			},{
				"id": "300",
				"type": "device",
				"text": "Door Status",
				"value": "Closed"
			},{
				"id": "400",
				"type": "device",
				"text": "Tilt Status",
				"value": "Stable"
			}]
		},{
			"id": "1011",
			"text": "refrig 2",
			"type": "unit",
			"leaf": true,
			"info": "info about refrig 2",
			"items": [{
				"id": "10011",
				"type": "device",
				"text": "Probe Temp",
				"value": "47 %"
			},{
				"id": "20011",
				"type": "device",
				"text": "Ambient Temp",
				"value": "45 C"
			},{
				"id": "30011",
				"type": "device",
				"text": "Door Status",
				"value": "Open"
			},{
				"id": "40011",
				"type": "device",
				"text": "Tilt Status",
				"value": "Tilted"
			}]
		}
		]
    }]
}