{
    "success": true,
    "text": "Facilities Listing",
    "total": 2,
    "items": [{
        "id": "1",
        "facility_id": "1",
        "type": "facility",
        "text": "Biology Lab",
        "info": "",
        "items": [{
            "unit_id": "2",
            "type": "unit",
            "id": "1-2",
            "text": "Backup Freezer",
            "info": "",
            "alarm_state": "0",
            "alarm_confirmed": "0",
            "confirmed_by": "",
            "items": [{
                "device_id": "3",
                "type": "device",
                "id": "1-2-3-1",
                "device_number": "1",
                "text": "Lower Level Ambient",
                "value": "26"
            }, {
                "device_id": "3",
                "type": "device",
                "id": "1-2-3-2",
                "device_number": "2",
                "text": "Backup Freezer",
                "value": "-8"
            }, {
                "device_id": "12",
                "type": "device",
                "id": "1-2-12-1",
                "device_number": "1",
                "text": "Door Status",
                "value": "0"
            }, {
                "device_id": "12",
                "type": "device",
                "id": "1-2-12-2",
                "device_number": "2",
                "text": "Tilt Status",
                "value": "0"
            }]
        }, {
            "unit_id": "3",
            "type": "unit",
            "id": "1-3",
            "text": "Backup Refrigerator",
            "info": "",
            "alarm_state": "0",
            "alarm_confirmed": "0",
            "confirmed_by": "",
            "items": [{
                "device_id": "13",
                "type": "device",
                "id": "1-3-13-1",
                "device_number": "1",
                "text": "Door Status",
                "value": "0"
            }, {
                "device_id": "13",
                "type": "device",
                "id": "1-3-13-2",
                "device_number": "2",
                "text": "Tilt Status",
                "value": "0"
            }, {
                "device_id": "14",
                "type": "device",
                "id": "1-3-14-1",
                "device_number": "1",
                "text": "Basement Ambient",
                "value": "25"
            }, {
                "device_id": "14",
                "type": "device",
                "id": "1-3-14-2",
                "device_number": "2",
                "text": "Backup Refrigerator",
                "value": "8"
            }]
        }, {
            "unit_id": "1",
            "type": "unit",
            "id": "1-1",
            "text": "Main Freezer",
            "info": "",
            "alarm_state": "0",
            "alarm_confirmed": "0",
            "confirmed_by": "",
            "items": [{
                "device_id": "7",
                "type": "device",
                "id": "1-1-7-1",
                "device_number": "1",
                "text": "Door Status",
                "value": "0"
            }, {
                "device_id": "7",
                "type": "device",
                "id": "1-1-7-2",
                "device_number": "2",
                "text": "Tilt Status",
                "value": "0"
            }, {
                "device_id": "11",
                "type": "device",
                "id": "1-1-11-1",
                "device_number": "1",
                "text": "Main Ambient",
                "value": "26"
            }, {
                "device_id": "11",
                "type": "device",
                "id": "1-1-11-2",
                "device_number": "2",
                "text": "Main Freezer",
                "value": "-11"
            }]
        }]
    }, {
        "id": "3",
        "facility_id": "3",
        "type": "facility",
        "text": "Scottsville Testing Facility",
        "info": "",
        "items": [{
            "unit_id": "5",
            "type": "unit",
            "id": "3-5",
            "text": "DummyUnit",
            "info": "",
            "alarm_state": "0",
            "alarm_confirmed": null,
            "confirmed_by": null,
            "items": [{
                "device_id": "10",
                "type": "device",
                "id": "3-5-10-1",
                "device_number": "1",
                "text": "Pendant 6852677",
                "value": null
            }]
        }]
    }]
}